Workbook

Sheet Instruções
A1: GPS-PLN-ANX-I — MODELO DE EAP E CURVA S
A2: GPlanSiS|Planejamento · anexo do PRO-GPS-PLN-001 · rev. 0
A4: COMO USAR
A5: 1. Preencha a aba Parâmetros: identificação do contrato, data de início, data de corte e base de pontos.
A6: 2. Monte a EAP na aba EAP. Só as linhas marcadas como folha (coluna FOLHA = SIM) recebem pontos; os níveis superiores somam sozinhos.
A7: 3. A soma dos pontos das folhas deve fechar exatamente na base definida em Parâmetros (padrão 1.000.000). A célula de crítica na aba EAP acusa divergência.
A8: 4. Lance o previsto semanal (incremental, em %) nas abas Previsto BL0 e, quando houver replanejamento aprovado, Previsto BL1.
A9: 5. Lance o realizado semanal (incremental, em %) na aba Realizado. As semanas posteriores à data de corte devem ficar em branco.
A10: 6. A curva S, o painel de desvios e os gatilhos de plano de ação são calculados automaticamente.
A12: LEGENDA DE CORES
A13: Azul: célula de entrada — preencher.
A14: Preto: célula calculada — não editar.
... A22: A curva S deve exibir sempre a linha de base original (BL0) junto da vigente (BL1).

Sheet Parâmetros
A1: PARÂMETROS DO CONTRATO
A2: Células azuis: preencher
A4: Contratante | B4: XXXXXXXX
A5: Contratada | B5: XXXXXXXX
A6: Contrato nº | B6: XXXXXXXX
A7: Projeto / empreendimento | B7: XXXXXXXX
A8: Área | B8: ÁREA 100
A9: Modalidade (EPC / EPCM / EPS / Serviço) | B9: EPC
A10: Data de início do projeto | B10: 46026
A11: Data de corte (sábado) | B11: 46060
A12: Base de ponderação (pontos) | B12: 1000000
A13: Gatilho de plano de recuperação (desvio relativo) | B13: 0.04
A14: Gatilho de plano de ação (desvio absoluto) | B14: 0.05

Sheet EAP
A1: EAP — ESTRUTURA ANALÍTICA DO PROJETO E PONDERAÇÃO
A2: Pontos apenas nas folhas · pesos e avanços calculados
A4: EDT | B4: DESCRIÇÃO | C4: NÍVEL | D4: FOLHA | E4: PONTOS | F4: PESO % | G4: % PREVISTO AC | H4: % REAL AC | I4: DESVIO REL. | J4: DESVIO ABS. | K4: STATUS
B5: PROJETO | C5: 0 | D5: NÃO | E5: =SUMPRODUCT(($D$8:$D$26="SIM")*$E$8:$E$26) -> 1000000 | F5: =IFERROR(E5/Parâmetros!$B$12,0) -> 1 | G5: =IFERROR(SUMPRODUCT(($D$8:$D$26="SIM")*$F$8:$F$26*$G$8:$G$26)/SUMPRODUCT(($D$8:$D$26="SIM")*$F$8:$F$26),0) -> 0.25 | H5: =IFERROR(SUMPRODUCT(($D$8:$D$26="SIM")*$F$8:$F$26*$H$8:$H$26)/SUMPRODUCT(($D$8:$D$26="SIM")*$F$8:$F$26),0) -> 0.225 | I5: =IFERROR(H5/G5-1,0) -> -0.1 | J5: =H5-G5 -> -0.025 | K5: =IF(G5=0,"NÃO INICIADO",IF(J5>=0,"EM DIA",IF(ABS(J5)>Parâmetros!$B$14,"PLANO DE AÇÃO",IF(ABS(I5)>Parâmetros!$B$13,"PLANO DE RECUPERAÇÃO","ATENÇÃO")))) -> PLANO DE RECUPERAÇÃO
A6: 1 | B6: ÁREA 100 — EXEMPLO | C6: 1 | D6: NÃO | E6: =SUMPRODUCT(($D$8:$D$26="SIM")*$E$8:$E$26) -> 1000000 | F6: =IFERROR(E6/Parâmetros!$B$12,0) -> 1 | G6: =IFERROR(SUMPRODUCT(($D$8:$D$26="SIM")*$F$8:$F$26*$G$8:$G$26)/SUMPRODUCT(($D$8:$D$26="SIM")*$F$8:$F$26),0) -> 0.25 | H6: =IFERROR(SUMPRODUCT(($D$8:$D$26="SIM")*$F$8:$F$26*$H$8:$H$26)/SUMPRODUCT(($D$8:$D$26="SIM")*$F$8:$F$26),0) -> 0.225 | I6: =IFERROR(H6/G6-1,0) -> -0.1 | J6: =H6-G6 -> -0.025 | K6: =IF(G6=0,"NÃO INICIADO",IF(J6>=0,"EM DIA",IF(ABS(J6)>Parâmetros!$B$14,"PLANO DE AÇÃO",IF(ABS(I6)>Parâmetros!$B$13,"PLANO DE RECUPERAÇÃO","ATENÇÃO")))) -> PLANO DE RECUPERAÇÃO
A7: 1.1 | B7: MILESTONES | C7: 2 | D7: NÃO | E7: =SUMPRODUCT(($D$8:$D$8="SIM")*$E$8:$E$8) -> 0 | F7: =IFERROR(E7/Parâmetros!$B$12,0) -> 0 | G7: =IFERROR(SUMPRODUCT(($D$8:$D$8="SIM")*$F$8:$F$8*$G$8:$G$8)/SUMPRODUCT(($D$8:$D$8="SIM")*$F$8:$F$8),0) -> 0 | H7: =IFERROR(SUMPRODUCT(($D$8:$D$8="SIM")*$F$8:$F$8*$H$8:$H$8)/SUMPRODUCT(($D$8:$D$8="SIM")*$F$8:$F$8),0) -> 0 | I7: =IFERROR(H7/G7-1,0) -> 0 | J7: =H7-G7 -> 0 | K7: =IF(G7=0,"NÃO INICIADO",IF(J7>=0,"EM DIA",IF(ABS(J7)>Parâmetros!$B$14,"PLANO DE AÇÃO",IF(ABS(I7)>Parâmetros!$B$13,"PLANO DE RECUPERAÇÃO","ATENÇÃO")))) -> NÃO INICIADO
A8: 1.1.1 | B8: Marcos contratuais (peso zero) | C8: 3 | D8: SIM | E8: 0 | F8: =IFERROR(E8/Parâmetros!$B$12,0) -> 0 | G8: =SUMIF('Previsto BL0'!$E$3:$AD$3,"<="&Parâmetros!$B$11,'Previsto BL0'!$E5:$AD5) -> 0 | H8: =SUMIF(Realizado!$E$3:$AD$3,"<="&Parâmetros!$B$11,Realizado!$E5:$AD5) -> 0 | I8: =IFERROR(H8/G8-1,0) -> 0 | J8: =H8-G8 -> 0 | K8: =IF(G8=0,"NÃO INICIADO",IF(J8>=0,"EM DIA",IF(ABS(J8)>Parâmetros!$B$14,"PLANO DE AÇÃO",IF(ABS(I8)>Parâmetros!$B$13,"PLANO DE RECUPERAÇÃO","ATENÇÃO")))) -> NÃO INICIADO
A9: 1.2 | B9: ENGENHARIA | C9: 2 | D9: NÃO | E9: =SUMPRODUCT(($D$10:$D$11="SIM")*$E$10:$E$11) -> 80000 | F9: =IFERROR(E9/Parâmetros!$B$12,0) -> 0.08 | G9: =IFERROR(SUMPRODUCT(($D$10:$D$11="SIM")*$F$10:$F$11*$G$10:$G$11)/SUMPRODUCT(($D$10:$D$11="SIM")*$F$10:$F$11),0) -> 0.25 | H9: =IFERROR(SUMPRODUCT(($D$10:$D$11="SIM")*$F$10:$F$11*$H$10:$H$11)/SUMPRODUCT(($D$10:$D$11="SIM")*$F$10:$F$11),0) -> 0.225 | I9: =IFERROR(H9/G9-1,0) -> -0.1 | J9: =H9-G9 -> -0.025 | K9: =IF(G9=0,"NÃO INICIADO",IF(J9>=0,"EM DIA",IF(ABS(J9)>Parâmetros!$B$14,"PLANO DE AÇÃO",IF(ABS(I9)>Parâmetros!$B$13,"PLANO DE RECUPERAÇÃO","ATENÇÃO")))) -> PLANO DE RECUPERAÇÃO
A10: 1.2.1 | B10: Engenharia básica | C10: 3 | D10: SIM | E10: 40000 | F10: =IFERROR(E10/Parâmetros!$B$12,0) -> 0.04 | G10: =SUMIF('Previsto BL0'!$E$3:$AD$3,"<="&Parâmetros!$B$11,'Previsto BL0'!$E6:$AD6) -> 0.25 | H10: =SUMIF(Realizado!$E$3:$AD$3,"<="&Parâmetros!$B$11,Realizado!$E6:$AD6) -> 0.225 | I10: =IFERROR(H10/G10-1,0) -> -0.1 | J10: =H10-G10 -> -0.025 | K10: =IF(G10=0,"NÃO INICIADO",IF(J10>=0,"EM DIA",IF(ABS(J10)>Parâmetros!$B$14,"PLANO DE AÇÃO",IF(ABS(I10)>Parâmetros!$B$13,"PLANO DE RECUPERAÇÃO","ATENÇÃO")))) -> PLANO DE RECUPERAÇÃO
A11: 1.2.2 | B11: Engenharia de detalhamento | C11: 3 | D11: SIM | E11: 40000 | F11: =IFERROR(E11/Parâmetros!$B$12,0) -> 0.04 | G11: =SUMIF('Previsto BL0'!$E$3:$AD$3,"<="&Parâmetros!$B$11,'Previsto BL0'!$E7:$AD7) -> 0.25 | H11: =SUMIF(Realizado!$E$3:$AD$3,"<="&Parâmetros!$B$11,Realizado!$E7:$AD7) -> 0.225 | I11: =IFERROR(H11/G11-1,0) -> -0.1 | J11: =H11-G11 -> -0.025 | K11: =IF(G11=0,"NÃO INICIADO",IF(J11>=0,"EM DIA",IF(ABS(J11)>Parâmetros!$B$14,"PLANO DE AÇÃO",IF(ABS(I11)>Parâmetros!$B$13,"PLANO DE RECUPERAÇÃO","ATENÇÃO")))) -> PLANO DE RECUPERAÇÃO
A12: 1.3 | B12: SUPRIMENTOS & MANUFATURA | C12: 2 | D12: NÃO | E12: =SUMPRODUCT(($D$13:$D$15="SIM")*$E$13:$E$15) -> 470000 | F12: =IFERROR(E12/Parâmetros!$B$12,0) -> 0.47 | G12: =IFERROR(SUMPRODUCT(($D$13:$D$15="SIM")*$F$13:$F$15*$G$13:$G$15)/SUMPRODUCT(($D$13:$D$15="SIM")*$F$13:$F$15),0) -> 0.25 | H12: =IFERROR(SUMPRODUCT(($D$13:$D$15="SIM")*$F$13:$F$15*$H$13:$H$15)/SUMPRODUCT(($D$13:$D$15="SIM")*$F$13:$F$15),0) -> 0.225 | I12: =IFERROR(H12/G12-1,0) -> -0.1 | J12: =H12-G12 -> -0.025 | K12: =IF(G12=0,"NÃO INICIADO",IF(J12>=0,"EM DIA",IF(ABS(J12)>Parâmetros!$B$14,"PLANO DE AÇÃO",IF(ABS(I12)>Parâmetros!$B$13,"PLANO DE RECUPERAÇÃO","ATENÇÃO")))) -> PLANO DE RECUPERAÇÃO
A13: 1.3.1 | B13: Aquisição | C13: 3 | D13: SIM | E13: 120000 | F13: =IFERROR(E13/Parâmetros!$B$12,0) -> 0.12 | G13: =SUMIF('Previsto BL0'!$E$3:$AD$3,"<="&Parâmetros!$B$11,'Previsto BL0'!$E8:$AD8) -> 0.25 | H13: =SUMIF(Realizado!$E$3:$AD$3,"<="&Parâmetros!$B$11,Realizado!$E8:$AD8) -> 0.225 | I13: =IFERROR(H13/G13-1,0) -> -0.1 | J13: =H13-G13 -> -0.025 | K13: =IF(G13=0,"NÃO INICIADO",IF(J13>=0,"EM DIA",IF(ABS(J13)>Parâmetros!$B$14,"PLANO DE AÇÃO",IF(ABS(I13)>Parâmetros!$B$13,"PLANO DE RECUPERAÇÃO","ATENÇÃO")))) -> PLANO DE RECUPERAÇÃO
A14: 1.3.2 | B14: Fabricação | C14: 3 | D14: SIM | E14: 260000 | F14: =IFERROR(E14/Parâmetros!$B$12,0) -> 0.26 | G14: =SUMIF('Previsto BL0'!$E$3:$AD$3,"<="&Parâmetros!$B$11,'Previsto BL0'!$E9:$AD9) -> 0.25 | H14: =SUMIF(Realizado!$E$3:$AD$3,"<="&Parâmetros!$B$11,Realizado!$E9:$AD9) -> 0.225 | I14: =IFERROR(H14/G14-1,0) -> -0.1 | J14: =H14-G14 -> -0.025 | K14: =IF(G14=0,"NÃO INICIADO",IF(J14>=0,"EM DIA",IF(ABS(J14)>Parâmetros!$B$14,"PLANO DE AÇÃO",IF(ABS(I14)>Parâmetros!$B$13,"PLANO DE RECUPERAÇÃO","ATENÇÃO")))) -> PLANO DE RECUPERAÇÃO
A15: 1.3.3 | B15: Transporte e entrega | C15: 3 | D15: SIM | E15: 90000 | F15: =IFERROR(E15/Parâmetros!$B$12,0) -> 0.09 | G15: =SUMIF('Previsto BL0'!$E$3:$AD$3,"<="&Parâmetros!$B$11,'Previsto BL0'!$E10:$AD10) -> 0.25 | H15: =SUMIF(Realizado!$E$3:$AD$3,"<="&Parâmetros!$B$11,Realizado!$E10:$AD10) -> 0.225 | I15: =IFERROR(H15/G15-1,0) -> -0.1 | J15: =H15-G15 -> -0.025 | K15: =IF(G15=0,"NÃO INICIADO",IF(J15>=0,"EM DIA",IF(ABS(J15)>Parâmetros!$B$14,"PLANO DE AÇÃO",IF(ABS(I15)>Parâmetros!$B$13,"PLANO DE RECUPERAÇÃO","ATENÇÃO")))) -> PLANO DE RECUPERAÇÃO
A16: 1.4 | B16: CONSTRUÇÃO CIVIL | C16: 2 | D16: NÃO | E16: =SUMPRODUCT(($D$17:$D$19="SIM")*$E$17:$E$19) -> 150000 | F16: =IFERROR(E16/Parâmetros!$B$12,0) -> 0.15 | G16: =IFERROR(SUMPRODUCT(($D$17:$D$19="SIM")*$F$17:$F$19*$G$17:$G$19)/SUMPRODUCT(($D$17:$D$19="SIM")*$F$17:$F$19),0) -> 0.25 | H16: =IFERROR(SUMPRODUCT(($D$17:$D$19="SIM")*$F$17:$F$19*$H$17:$H$19)/SUMPRODUCT(($D$17:$D$19="SIM")*$F$17:$F$19),0) -> 0.225 | I16: =IFERROR(H16/G16-1,0) -> -0.1 | J16: =H16-G16 -> -0.025 | K16: =IF(G16=0,"NÃO INICIADO",IF(J16>=0,"EM DIA",IF(ABS(J16)>Parâmetros!$B$14,"PLANO DE AÇÃO",IF(ABS(I16)>Parâmetros!$B$13,"PLANO DE RECUPERAÇÃO","ATENÇÃO")))) -> PLANO DE RECUPERAÇÃO
A17: 1.4.1 | B17: Mobilização e terraplanagem | C17: 3 | D17: SIM | E17: 40000 | F17: =IFERROR(E17/Parâmetros!$B$12,0) -> 0.04 | G17: =SUMIF('Previsto BL0'!$E$3:$AD$3,"<="&Parâmetros!$B$11,'Previsto BL0'!$E11:$AD11) -> 0.25 | H17: =SUMIF(Realizado!$E$3:$AD$3,"<="&Parâmetros!$B$11,Realizado!$E11:$AD11) -> 0.225 | I17: =IFERROR(H17/G17-1,0) -> -0.1 | J17: =H17-G17 -> -0.025 | K17: =IF(G17=0,"NÃO INICIADO",IF(J17>=0,"EM DIA",IF(ABS(J17)>Parâmetros!$B$14,"PLANO DE AÇÃO",IF(ABS(I17)>Parâmetros!$B$13,"PLANO DE RECUPERAÇÃO","ATENÇÃO")))) -> PLANO DE RECUPERAÇÃO
A18: 1.4.2 | B18: Fundações e estruturas | C18: 3 | D18: SIM | E18: 80000 | F18: =IFERROR(E18/Parâmetros!$B$12,0) -> 0.08 | G18: =SUMIF('Previsto BL0'!$E$3:$AD$3,"<="&Parâmetros!$B$11,'Previsto BL0'!$E12:$AD12) -> 0.25 | H18: =SUMIF(Realizado!$E$3:$AD$3,"<="&Parâmetros!$B$11,Realizado!$E12:$AD12) -> 0.225 | I18: =IFERROR(H18/G18-1,0) -> -0.1 | J18: =H18-G18 -> -0.025 | K18: =IF(G18=0,"NÃO INICIADO",IF(J18>=0,"EM DIA",IF(ABS(J18)>Parâmetros!$B$14,"PLANO DE AÇÃO",IF(ABS(I18)>Parâmetros!$B$13,"PLANO DE RECUPERAÇÃO","ATENÇÃO")))) -> PLANO DE RECUPERAÇÃO
A19: 1.4.3 | B19: Underground e pavimentação | C19: 3 | D19: SIM | E19: 30000 | F19: =IFERROR(E19/Parâmetros!$B$12,0) -> 0.03 | G19: =SUMIF('Previsto BL0'!$E$3:$AD$3,"<="&Parâmetros!$B$11,'Previsto BL0'!$E13:$AD13) -> 0.25 | H19: =SUMIF(Realizado!$E$3:$AD$3,"<="&Parâmetros!$B$11,Realizado!$E13:$AD13) -> 0.225 | I19: =IFERROR(H19/G19-1,0) -> -0.1 | J19: =H19-G19 -> -0.025 | K19: =IF(G19=0,"NÃO INICIADO",IF(J19>=0,"EM DIA",IF(ABS(J19)>Parâmetros!$B$14,"PLANO DE AÇÃO",IF(ABS(I19)>Parâmetros!$B$13,"PLANO DE RECUPERAÇÃO","ATENÇÃO")))) -> PLANO DE RECUPERAÇÃO
A20: 1.5 | B20: MONTAGEM ELETROMECÂNICA | C20: 2 | D20: NÃO | E20: =SUMPRODUCT(($D$21:$D$23="SIM")*$E$21:$E$23) -> 250000 | F20: =IFERROR(E20/Parâmetros!$B$12,0) -> 0.25 | G20: =IFERROR(SUMPRODUCT(($D$21:$D$23="SIM")*$F$21:$F$23*$G$21:$G$23)/SUMPRODUCT(($D$21:$D$23="SIM")*$F$21:$F$23),0) -> 0.25 | H20: =IFERROR(SUMPRODUCT(($D$21:$D$23="SIM")*$F$21:$F$23*$H$21:$H$23)/SUMPRODUCT(($D$21:$D$23="SIM")*$F$21:$F$23),0) -> 0.225 | I20: =IFERROR(H20/G20-1,0) -> -0.1 | J20: =H20-G20 -> -0.025 | K20: =IF(G20=0,"NÃO INICIADO",IF(J20>=0,"EM DIA",IF(ABS(J20)>Parâmetros!$B$14,"PLANO DE AÇÃO",IF(ABS(I20)>Parâmetros!$B$13,"PLANO DE RECUPERAÇÃO","ATENÇÃO")))) -> PLANO DE RECUPERAÇÃO
A21: 1.5.1 | B21: Equipamentos e estruturas metálicas | C21: 3 | D21: SIM | E21: 80000 | F21: =IFERROR(E21/Parâmetros!$B$12,0) -> 0.08 | G21: =SUMIF('Previsto BL0'!$E$3:$AD$3,"<="&Parâmetros!$B$11,'Previsto BL0'!$E14:$AD14) -> 0.25 | H21: =SUMIF(Realizado!$E$3:$AD$3,"<="&Parâmetros!$B$11,Realizado!$E14:$AD14) -> 0.225 | I21: =IFERROR(H21/G21-1,0) -> -0.1 | J21: =H21-G21 -> -0.025 | K21: =IF(G21=0,"NÃO INICIADO",IF(J21>=0,"EM DIA",IF(ABS(J21)>Parâmetros!$B$14,"PLANO DE AÇÃO",IF(ABS(I21)>Parâmetros!$B$13,"PLANO DE RECUPERAÇÃO","ATENÇÃO")))) -> PLANO DE RECUPERAÇÃO
A22: 1.5.2 | B22: Tubulação e suportes | C22: 3 | D22: SIM | E22: 90000 | F22: =IFERROR(E22/Parâmetros!$B$12,0) -> 0.09 | G22: =SUMIF('Previsto BL0'!$E$3:$AD$3,"<="&Parâmetros!$B$11,'Previsto BL0'!$E15:$AD15) -> 0.25 | H22: =SUMIF(Realizado!$E$3:$AD$3,"<="&Parâmetros!$B$11,Realizado!$E15:$AD15) -> 0.225 | I22: =IFERROR(H22/G22-1,0) -> -0.1 | J22: =H22-G22 -> -0.025 | K22: =IF(G22=0,"NÃO INICIADO",IF(J22>=0,"EM DIA",IF(ABS(J22)>Parâmetros!$B$14,"PLANO DE AÇÃO",IF(ABS(I22)>Parâmetros!$B$13,"PLANO DE RECUPERAÇÃO","ATENÇÃO")))) -> PLANO DE RECUPERAÇÃO
A23: 1.5.3 | B23: Elétrica, instrumentação e automação | C23: 3 | D23: SIM | E23: 80000 | F23: =IFERROR(E23/Parâmetros!$B$12,0) -> 0.08 | G23: =SUMIF('Previsto BL0'!$E$3:$AD$3,"<="&Parâmetros!$B$11,'Previsto BL0'!$E16:$AD16) -> 0.25 | H23: =SUMIF(Realizado!$E$3:$AD$3,"<="&Parâmetros!$B$11,Realizado!$E16:$AD16) -> 0.225 | I23: =IFERROR(H23/G23-1,0) -> -0.1 | J23: =H23-G23 -> -0.025 | K23: =IF(G23=0,"NÃO INICIADO",IF(J23>=0,"EM DIA",IF(ABS(J23)>Parâmetros!$B$14,"PLANO DE AÇÃO",IF(ABS(I23)>Parâmetros!$B$13,"PLANO DE RECUPERAÇÃO","ATENÇÃO")))) -> PLANO DE RECUPERAÇÃO
A24: 1.6 | B24: COMISSIONAMENTO | C24: 2 | D24: NÃO | E24: =SUMPRODUCT(($D$25:$D$26="SIM")*$E$25:$E$26) -> 50000 | F24: =IFERROR(E24/Parâmetros!$B$12,0) -> 0.05 | G24: =IFERROR(SUMPRODUCT(($D$25:$D$26="SIM")*$F$25:$F$26*$G$25:$G$26)/SUMPRODUCT(($D$25:$D$26="SIM")*$F$25:$F$26),0) -> 0.25 | H24: =IFERROR(SUMPRODUCT(($D$25:$D$26="SIM")*$F$25:$F$26*$H$25:$H$26)/SUMPRODUCT(($D$25:$D$26="SIM")*$F$25:$F$26),0) -> 0.225 | I24: =IFERROR(H24/G24-1,0) -> -0.1 | J24: =H24-G24 -> -0.025 | K24: =IF(G24=0,"NÃO INICIADO",IF(J24>=0,"EM DIA",IF(ABS(J24)>Parâmetros!$B$14,"PLANO DE AÇÃO",IF(ABS(I24)>Parâmetros!$B$13,"PLANO DE RECUPERAÇÃO","ATENÇÃO")))) -> PLANO DE RECUPERAÇÃO
A25: 1.6.1 | B25: Completação mecânica e testes a frio | C25: 3 | D25: SIM | E25: 20000 | F25: =IFERROR(E25/Parâmetros!$B$12,0) -> 0.02 | G25: =SUMIF('Previsto BL0'!$E$3:$AD$3,"<="&Parâmetros!$B$11,'Previsto BL0'!$E17:$AD17) -> 0.25 | H25: =SUMIF(Realizado!$E$3:$AD$3,"<="&Parâmetros!$B$11,Realizado!$E17:$AD17) -> 0.225 | I25: =IFERROR(H25/G25-1,0) -> -0.1 | J25: =H25-G25 -> -0.025 | K25: =IF(G25=0,"NÃO INICIADO",IF(J25>=0,"EM DIA",IF(ABS(J25)>Parâmetros!$B$14,"PLANO DE AÇÃO",IF(ABS(I25)>Parâmetros!$B$13,"PLANO DE RECUPERAÇÃO","ATENÇÃO")))) -> PLANO DE RECUPERAÇÃO
A26: 1.6.2 | B26: Testes a quente e ECA | C26: 3 | D26: SIM | E26: 30000 | F26: =IFERROR(E26/Parâmetros!$B$12,0) -> 0.03 | G26: =SUMIF('Previsto BL0'!$E$3:$AD$3,"<="&Parâmetros!$B$11,'Previsto BL0'!$E18:$AD18) -> 0.25 | H26: =SUMIF(Realizado!$E$3:$AD$3,"<="&Parâmetros!$B$11,Realizado!$E18:$AD18) -> 0.225 | I26: =IFERROR(H26/G26-1,0) -> -0.1 | J26: =H26-G26 -> -0.025 | K26: =IF(G26=0,"NÃO INICIADO",IF(J26>=0,"EM DIA",IF(ABS(J26)>Parâmetros!$B$14,"PLANO DE AÇÃO",IF(ABS(I26)>Parâmetros!$B$13,"PLANO DE RECUPERAÇÃO","ATENÇÃO")))) -> PLANO DE RECUPERAÇÃO
B28: CRÍTICA — soma dos pontos das folhas versus base contratada: | E28: =SUMPRODUCT(($D$5:$D$26="SIM")*$E$5:$E$26) -> 1000000 | F28: =IF(E28=Parâmetros!$B$12,"OK — ponderação fecha em 1.000.000","DIVERGENTE — ajustar pontos") -> OK — ponderação fecha em 1.000.000
B29: Milestones têm peso zero; nenhuma linha de nível 7 pode ficar sem pontos.

Sheet Previsto BL0
A1: PREVISTO BL0
A2: Avanço previsto incremental por semana — linha de base original
D3: Fim da semana | E3: 46032 | F3: 46039 | G3: 46046 | H3: 46053 | I3: 46060 | J3: 46067 | K3: 46074 | L3: 46081 | M3: 46088 | N3: 46095 | O3: 46102 | P3: 46109 | Q3: 46116 | R3: 46123 | S3: 46130 | T3: 46137 | U3: 46144 | V3: 46151 | W3: 46158 | X3: 46165 | Y3: 46172 | Z3: 46179 | AA3: 46186 | AB3: 46193 | AC3: 46200 | AD3: 46207
A4: EDT | B4: DESCRIÇÃO | C4: PESO % | D4: TOTAL % | E4: Sem 1 | F4: Sem 2 | G4: Sem 3 | H4: Sem 4 | I4: Sem 5 | J4: Sem 6 | K4: Sem 7 | L4: Sem 8 | M4: Sem 9 | N4: Sem 10 | O4: Sem 11 | P4: Sem 12 | Q4: Sem 13 | R4: Sem 14 | S4: Sem 15 | T4: Sem 16 | U4: Sem 17 | V4: Sem 18 | W4: Sem 19 | X4: Sem 20 | Y4: Sem 21 | Z4: Sem 22 | AA4: Sem 23 | AB4: Sem 24 | AC4: Sem 25 | AD4: Sem 26
A5: 1.1.1 | B5: Marcos contratuais (peso zero) | C5: =IFERROR(INDEX(EAP!$F$5:$F$26,MATCH($A5,EAP!$A$5:$A$26,0)),0) -> 0 | D5: =SUM(E5:AD5) -> 0
A6: 1.2.1 | B6: Engenharia básica | C6: =IFERROR(INDEX(EAP!$F$5:$F$26,MATCH($A6,EAP!$A$5:$A$26,0)),0) -> 0.04 | D6: =SUM(E6:AD6) -> 1 | E6: 0.05 | F6: 0.05 | G6: 0.05 | H6: 0.05 | I6: 0.05 | J6: 0.05 | K6: 0.05 | L6: 0.05 | M6: 0.05 | N6: 0.05 | O6: 0.05 | P6: 0.05 | Q6: 0.05 | R6: 0.05 | S6: 0.05 | T6: 0.05 | U6: 0.05 | V6: 0.05 | W6: 0.05 | X6: 0.05
A7: 1.2.2 | B7: Engenharia de detalhamento | C7: =IFERROR(INDEX(EAP!$F$5:$F$26,MATCH($A7,EAP!$A$5:$A$26,0)),0) -> 0.04 | D7: =SUM(E7:AD7) -> 1 | E7: 0.05 | F7: 0.05 | G7: 0.05 | H7: 0.05 | I7: 0.05 | J7: 0.05 | K7: 0.05 | L7: 0.05 | M7: 0.05 | N7: 0.05 | O7: 0.05 | P7: 0.05 | Q7: 0.05 | R7: 0.05 | S7: 0.05 | T7: 0.05 | U7: 0.05 | V7: 0.05 | W7: 0.05 | X7: 0.05
A8: 1.3.1 | B8: Aquisição | C8: =IFERROR(INDEX(EAP!$F$5:$F$26,MATCH($A8,EAP!$A$5:$A$26,0)),0) -> 0.12 | D8: =SUM(E8:AD8) -> 1 | E8: 0.05 | F8: 0.05 | G8: 0.05 | H8: 0.05 | I8: 0.05 | J8: 0.05 | K8: 0.05 | L8: 0.05 | M8: 0.05 | N8: 0.05 | O8: 0.05 | P8: 0.05 | Q8: 0.05 | R8: 0.05 | S8: 0.05 | T8: 0.05 | U8: 0.05 | V8: 0.05 | W8: 0.05 | X8: 0.05
A9: 1.3.2 | B9: Fabricação | C9: =IFERROR(INDEX(EAP!$F$5:$F$26,MATCH($A9,EAP!$A$5:$A$26,0)),0) -> 0.26 | D9: =SUM(E9:AD9) -> 1 | E9: 0.05 | F9: 0.05 | G9: 0.05 | H9: 0.05 | I9: 0.05 | J9: 0.05 | K9: 0.05 | L9: 0.05 | M9: 0.05 | N9: 0.05 | O9: 0.05 | P9: 0.05 | Q9: 0.05 | R9: 0.05 | S9: 0.05 | T9: 0.05 | U9: 0.05 | V9: 0.05 | W9: 0.05 | X9: 0.05
A10: 1.3.3 | B10: Transporte e entrega | C10: =IFERROR(INDEX(EAP!$F$5:$F$26,MATCH($A10,EAP!$A$5:$A$26,0)),0) -> 0.09 | D10: =SUM(E10:AD10) -> 1 | E10: 0.05 | F10: 0.05 | G10: 0.05 | H10: 0.05 | I10: 0.05 | J10: 0.05 | K10: 0.05 | L10: 0.05 | M10: 0.05 | N10: 0.05 | O10: 0.05 | P10: 0.05 | Q10: 0.05 | R10: 0.05 | S10: 0.05 | T10: 0.05 | U10: 0.05 | V10: 0.05 | W10: 0.05 | X10: 0.05
A11: 1.4.1 | B11: Mobilização e terraplanagem | C11: =IFERROR(INDEX(EAP!$F$5:$F$26,MATCH($A11,EAP!$A$5:$A$26,0)),0) -> 0.04 | D11: =SUM(E11:AD11) -> 1 | E11: 0.05 | F11: 0.05 | G11: 0.05 | H11: 0.05 | I11: 0.05 | J11: 0.05 | K11: 0.05 | L11: 0.05 | M11: 0.05 | N11: 0.05 | O11: 0.05 | P11: 0.05 | Q11: 0.05 | R11: 0.05 | S11: 0.05 | T11: 0.05 | U11: 0.05 | V11: 0.05 | W11: 0.05 | X11: 0.05
A12: 1.4.2 | B12: Fundações e estruturas | C12: =IFERROR(INDEX(EAP!$F$5:$F$26,MATCH($A12,EAP!$A$5:$A$26,0)),0) -> 0.08 | D12: =SUM(E12:AD12) -> 1 | E12: 0.05 | F12: 0.05 | G12: 0.05 | H12: 0.05 | I12: 0.05 | J12: 0.05 | K12: 0.05 | L12: 0.05 | M12: 0.05 | N12: 0.05 | O12: 0.05 | P12: 0.05 | Q12: 0.05 | R12: 0.05 | S12: 0.05 | T12: 0.05 | U12: 0.05 | V12: 0.05 | W12: 0.05 | X12: 0.05
A13: 1.4.3 | B13: Underground e pavimentação | C13: =IFERROR(INDEX(EAP!$F$5:$F$26,MATCH($A13,EAP!$A$5:$A$26,0)),0) -> 0.03 | D13: =SUM(E13:AD13) -> 1 | E13: 0.05 | F13: 0.05 | G13: 0.05 | H13: 0.05 | I13: 0.05 | J13: 0.05 | K13: 0.05 | L13: 0.05 | M13: 0.05 | N13: 0.05 | O13: 0.05 | P13: 0.05 | Q13: 0.05 | R13: 0.05 | S13: 0.05 | T13: 0.05 | U13: 0.05 | V13: 0.05 | W13: 0.05 | X13: 0.05
A14: 1.5.1 | B14: Equipamentos e estruturas metálicas | C14: =IFERROR(INDEX(EAP!$F$5:$F$26,MATCH($A14,EAP!$A$5:$A$26,0)),0) -> 0.08 | D14: =SUM(E14:AD14) -> 1 | E14: 0.05 | F14: 0.05 | G14: 0.05 | H14: 0.05 | I14: 0.05 | J14: 0.05 | K14: 0.05 | L14: 0.05 | M14: 0.05 | N14: 0.05 | O14: 0.05 | P14: 0.05 | Q14: 0.05 | R14: 0.05 | S14: 0.05 | T14: 0.05 | U14: 0.05 | V14: 0.05 | W14: 0.05 | X14: 0.05
A15: 1.5.2 | B15: Tubulação e suportes | C15: =IFERROR(INDEX(EAP!$F$5:$F$26,MATCH($A15,EAP!$A$5:$A$26,0)),0) -> 0.09 | D15: =SUM(E15:AD15) -> 1 | E15: 0.05 | F15: 0.05 | G15: 0.05 | H15: 0.05 | I15: 0.05 | J15: 0.05 | K15: 0.05 | L15: 0.05 | M15: 0.05 | N15: 0.05 | O15: 0.05 | P15: 0.05 | Q15: 0.05 | R15: 0.05 | S15: 0.05 | T15: 0.05 | U15: 0.05 | V15: 0.05 | W15: 0.05 | X15: 0.05
A16: 1.5.3 | B16: Elétrica, instrumentação e automação | C16: =IFERROR(INDEX(EAP!$F$5:$F$26,MATCH($A16,EAP!$A$5:$A$26,0)),0) -> 0.08 | D16: =SUM(E16:AD16) -> 1 | E16: 0.05 | F16: 0.05 | G16: 0.05 | H16: 0.05 | I16: 0.05 | J16: 0.05 | K16: 0.05 | L16: 0.05 | M16: 0.05 | N16: 0.05 | O16: 0.05 | P16: 0.05 | Q16: 0.05 | R16: 0.05 | S16: 0.05 | T16: 0.05 | U16: 0.05 | V16: 0.05 | W16: 0.05 | X16: 0.05
A17: 1.6.1 | B17: Completação mecânica e testes a frio | C17: =IFERROR(INDEX(EAP!$F$5:$F$26,MATCH($A17,EAP!$A$5:$A$26,0)),0) -> 0.02 | D17: =SUM(E17:AD17) -> 1 | E17: 0.05 | F17: 0.05 | G17: 0.05 | H17: 0.05 | I17: 0.05 | J17: 0.05 | K17: 0.05 | L17: 0.05 | M17: 0.05 | N17: 0.05 | O17: 0.05 | P17: 0.05 | Q17: 0.05 | R17: 0.05 | S17: 0.05 | T17: 0.05 | U17: 0.05 | V17: 0.05 | W17: 0.05 | X17: 0.05
A18: 1.6.2 | B18: Testes a quente e ECA | C18: =IFERROR(INDEX(EAP!$F$5:$F$26,MATCH($A18,EAP!$A$5:$A$26,0)),0) -> 0.03 | D18: =SUM(E18:AD18) -> 1 | E18: 0.05 | F18: 0.05 | G18: 0.05 | H18: 0.05 | I18: 0.05 | J18: 0.05 | K18: 0.05 | L18: 0.05 | M18: 0.05 | N18: 0.05 | O18: 0.05 | P18: 0.05 | Q18: 0.05 | R18: 0.05 | S18: 0.05 | T18: 0.05 | U18: 0.05 | V18: 0.05 | W18: 0.05 | X18: 0.05

Sheet Previsto BL1
A1: PREVISTO BL1
A2: Avanço previsto incremental — linha de base vigente (replanejamento aprovado)
D3: Fim da semana | E3: 46032 | F3: 46039 | G3: 46046 | H3: 46053 | I3: 46060 | J3: 46067 | K3: 46074 | L3: 46081 | M3: 46088 | N3: 46095 | O3: 46102 | P3: 46109 | Q3: 46116 | R3: 46123 | S3: 46130 | T3: 46137 | U3: 46144 | V3: 46151 | W3: 46158 | X3: 46165 | Y3: 46172 | Z3: 46179 | AA3: 46186 | AB3: 46193 | AC3: 46200 | AD3: 46207
A4: EDT | B4: DESCRIÇÃO | C4: PESO % | D4: TOTAL % | E4: Sem 1 | F4: Sem 2 | G4: Sem 3 | H4: Sem 4 | I4: Sem 5 | J4: Sem 6 | K4: Sem 7 | L4: Sem 8 | M4: Sem 9 | N4: Sem 10 | O4: Sem 11 | P4: Sem 12 | Q4: Sem 13 | R4: Sem 14 | S4: Sem 15 | T4: Sem 16 | U4: Sem 17 | V4: Sem 18 | W4: Sem 19 | X4: Sem 20 | Y4: Sem 21 | Z4: Sem 22 | AA4: Sem 23 | AB4: Sem 24 | AC4: Sem 25 | AD4: Sem 26
A5: 1.1.1 | B5: Marcos contratuais (peso zero) | C5: =IFERROR(INDEX(EAP!$F$5:$F$26,MATCH($A5,EAP!$A$5:$A$26,0)),0) -> 0 | D5: =SUM(E5:AD5) -> 0
A6: 1.2.1 | B6: Engenharia básica | C6: =IFERROR(INDEX(EAP!$F$5:$F$26,MATCH($A6,EAP!$A$5:$A$26,0)),0) -> 0.04 | D6: =SUM(E6:AD6) -> 0
A7: 1.2.2 | B7: Engenharia de detalhamento | C7: =IFERROR(INDEX(EAP!$F$5:$F$26,MATCH($A7,EAP!$A$5:$A$26,0)),0) -> 0.04 | D7: =SUM(E7:AD7) -> 0
A8: 1.3.1 | B8: Aquisição | C8: =IFERROR(INDEX(EAP!$F$5:$F$26,MATCH($A8,EAP!$A$5:$A$26,0)),0) -> 0.12 | D8: =SUM(E8:AD8) -> 0
A9: 1.3.2 | B9: Fabricação | C9: =IFERROR(INDEX(EAP!$F$5:$F$26,MATCH($A9,EAP!$A$5:$A$26,0)),0) -> 0.26 | D9: =SUM(E9:AD9) -> 0
A10: 1.3.3 | B10: Transporte e entrega | C10: =IFERROR(INDEX(EAP!$F$5:$F$26,MATCH($A10,EAP!$A$5:$A$26,0)),0) -> 0.09 | D10: =SUM(E10:AD10) -> 0
A11: 1.4.1 | B11: Mobilização e terraplanagem | C11: =IFERROR(INDEX(EAP!$F$5:$F$26,MATCH($A11,EAP!$A$5:$A$26,0)),0) -> 0.04 | D11: =SUM(E11:AD11) -> 0
A12: 1.4.2 | B12: Fundações e estruturas | C12: =IFERROR(INDEX(EAP!$F$5:$F$26,MATCH($A12,EAP!$A$5:$A$26,0)),0) -> 0.08 | D12: =SUM(E12:AD12) -> 0
A13: 1.4.3 | B13: Underground e pavimentação | C13: =IFERROR(INDEX(EAP!$F$5:$F$26,MATCH($A13,EAP!$A$5:$A$26,0)),0) -> 0.03 | D13: =SUM(E13:AD13) -> 0
A14: 1.5.1 | B14: Equipamentos e estruturas metálicas | C14: =IFERROR(INDEX(EAP!$F$5:$F$26,MATCH($A14,EAP!$A$5:$A$26,0)),0) -> 0.08 | D14: =SUM(E14:AD14) -> 0
A15: 1.5.2 | B15: Tubulação e suportes | C15: =IFERROR(INDEX(EAP!$F$5:$F$26,MATCH($A15,EAP!$A$5:$A$26,0)),0) -> 0.09 | D15: =SUM(E15:AD15) -> 0
A16: 1.5.3 | B16: Elétrica, instrumentação e automação | C16: =IFERROR(INDEX(EAP!$F$5:$F$26,MATCH($A16,EAP!$A$5:$A$26,0)),0) -> 0.08 | D16: =SUM(E16:AD16) -> 0
... A18: 1.6.2 | B18: Testes a quente e ECA | C18: =IFERROR(INDEX(EAP!$F$5:$F$26,MATCH($A18,EAP!$A$5:$A$26,0)),0) -> 0.03 | D18: =SUM(E18:AD18) -> 0

Sheet Realizado
A1: REALIZADO
A2: Avanço realizado incremental por semana — deixar em branco após a data de corte
D3: Fim da semana | E3: 46032 | F3: 46039 | G3: 46046 | H3: 46053 | I3: 46060 | J3: 46067 | K3: 46074 | L3: 46081 | M3: 46088 | N3: 46095 | O3: 46102 | P3: 46109 | Q3: 46116 | R3: 46123 | S3: 46130 | T3: 46137 | U3: 46144 | V3: 46151 | W3: 46158 | X3: 46165 | Y3: 46172 | Z3: 46179 | AA3: 46186 | AB3: 46193 | AC3: 46200 | AD3: 46207
A4: EDT | B4: DESCRIÇÃO | C4: PESO % | D4: TOTAL % | E4: Sem 1 | F4: Sem 2 | G4: Sem 3 | H4: Sem 4 | I4: Sem 5 | J4: Sem 6 | K4: Sem 7 | L4: Sem 8 | M4: Sem 9 | N4: Sem 10 | O4: Sem 11 | P4: Sem 12 | Q4: Sem 13 | R4: Sem 14 | S4: Sem 15 | T4: Sem 16 | U4: Sem 17 | V4: Sem 18 | W4: Sem 19 | X4: Sem 20 | Y4: Sem 21 | Z4: Sem 22 | AA4: Sem 23 | AB4: Sem 24 | AC4: Sem 25 | AD4: Sem 26
A5: 1.1.1 | B5: Marcos contratuais (peso zero) | C5: =IFERROR(INDEX(EAP!$F$5:$F$26,MATCH($A5,EAP!$A$5:$A$26,0)),0) -> 0 | D5: =SUM(E5:AD5) -> 0
A6: 1.2.1 | B6: Engenharia básica | C6: =IFERROR(INDEX(EAP!$F$5:$F$26,MATCH($A6,EAP!$A$5:$A$26,0)),0) -> 0.04 | D6: =SUM(E6:AD6) -> 0.225 | E6: 0.045 | F6: 0.045 | G6: 0.045 | H6: 0.045 | I6: 0.045
A7: 1.2.2 | B7: Engenharia de detalhamento | C7: =IFERROR(INDEX(EAP!$F$5:$F$26,MATCH($A7,EAP!$A$5:$A$26,0)),0) -> 0.04 | D7: =SUM(E7:AD7) -> 0.225 | E7: 0.045 | F7: 0.045 | G7: 0.045 | H7: 0.045 | I7: 0.045
A8: 1.3.1 | B8: Aquisição | C8: =IFERROR(INDEX(EAP!$F$5:$F$26,MATCH($A8,EAP!$A$5:$A$26,0)),0) -> 0.12 | D8: =SUM(E8:AD8) -> 0.225 | E8: 0.045 | F8: 0.045 | G8: 0.045 | H8: 0.045 | I8: 0.045
A9: 1.3.2 | B9: Fabricação | C9: =IFERROR(INDEX(EAP!$F$5:$F$26,MATCH($A9,EAP!$A$5:$A$26,0)),0) -> 0.26 | D9: =SUM(E9:AD9) -> 0.225 | E9: 0.045 | F9: 0.045 | G9: 0.045 | H9: 0.045 | I9: 0.045
A10: 1.3.3 | B10: Transporte e entrega | C10: =IFERROR(INDEX(EAP!$F$5:$F$26,MATCH($A10,EAP!$A$5:$A$26,0)),0) -> 0.09 | D10: =SUM(E10:AD10) -> 0.225 | E10: 0.045 | F10: 0.045 | G10: 0.045 | H10: 0.045 | I10: 0.045
A11: 1.4.1 | B11: Mobilização e terraplanagem | C11: =IFERROR(INDEX(EAP!$F$5:$F$26,MATCH($A11,EAP!$A$5:$A$26,0)),0) -> 0.04 | D11: =SUM(E11:AD11) -> 0.225 | E11: 0.045 | F11: 0.045 | G11: 0.045 | H11: 0.045 | I11: 0.045
A12: 1.4.2 | B12: Fundações e estruturas | C12: =IFERROR(INDEX(EAP!$F$5:$F$26,MATCH($A12,EAP!$A$5:$A$26,0)),0) -> 0.08 | D12: =SUM(E12:AD12) -> 0.225 | E12: 0.045 | F12: 0.045 | G12: 0.045 | H12: 0.045 | I12: 0.045
A13: 1.4.3 | B13: Underground e pavimentação | C13: =IFERROR(INDEX(EAP!$F$5:$F$26,MATCH($A13,EAP!$A$5:$A$26,0)),0) -> 0.03 | D13: =SUM(E13:AD13) -> 0.225 | E13: 0.045 | F13: 0.045 | G13: 0.045 | H13: 0.045 | I13: 0.045
A14: 1.5.1 | B14: Equipamentos e estruturas metálicas | C14: =IFERROR(INDEX(EAP!$F$5:$F$26,MATCH($A14,EAP!$A$5:$A$26,0)),0) -> 0.08 | D14: =SUM(E14:AD14) -> 0.225 | E14: 0.045 | F14: 0.045 | G14: 0.045 | H14: 0.045 | I14: 0.045
A15: 1.5.2 | B15: Tubulação e suportes | C15: =IFERROR(INDEX(EAP!$F$5:$F$26,MATCH($A15,EAP!$A$5:$A$26,0)),0) -> 0.09 | D15: =SUM(E15:AD15) -> 0.225 | E15: 0.045 | F15: 0.045 | G15: 0.045 | H15: 0.045 | I15: 0.045
A16: 1.5.3 | B16: Elétrica, instrumentação e automação | C16: =IFERROR(INDEX(EAP!$F$5:$F$26,MATCH($A16,EAP!$A$5:$A$26,0)),0) -> 0.08 | D16: =SUM(E16:AD16) -> 0.225 | E16: 0.045 | F16: 0.045 | G16: 0.045 | H16: 0.045 | I16: 0.045
A17: 1.6.1 | B17: Completação mecânica e testes a frio | C17: =IFERROR(INDEX(EAP!$F$5:$F$26,MATCH($A17,EAP!$A$5:$A$26,0)),0) -> 0.02 | D17: =SUM(E17:AD17) -> 0.225 | E17: 0.045 | F17: 0.045 | G17: 0.045 | H17: 0.045 | I17: 0.045
A18: 1.6.2 | B18: Testes a quente e ECA | C18: =IFERROR(INDEX(EAP!$F$5:$F$26,MATCH($A18,EAP!$A$5:$A$26,0)),0) -> 0.03 | D18: =SUM(E18:AD18) -> 0.225 | E18: 0.045 | F18: 0.045 | G18: 0.045 | H18: 0.045 | I18: 0.045

Sheet Curva S
A1: CURVA S — AVANÇO FÍSICO PREVISTO E REALIZADO
A2: Calculada a partir da ponderação da EAP
A4: SEMANA | B4: FIM DA SEMANA | C4: PREV. BL0 % | D4: PREV. AC BL0 | E4: PREV. BL1 % | F4: PREV. AC BL1 | G4: REAL % | H4: REAL AC | I4: DESVIO AC
A5: 1 | B5: 46032 | C5: =SUMPRODUCT('Previsto BL0'!$E$5:$E$18,'Previsto BL0'!$C$5:$C$18) -> 0.05 | D5: =SUM($C$5:$C5) -> 0.05 | E5: =SUMPRODUCT('Previsto BL1'!$E$5:$E$18,'Previsto BL1'!$C$5:$C$18) -> 0 | F5: =SUM($E$5:$E5) -> 0 | G5: =IF($B5>Parâmetros!$B$11,"",SUMPRODUCT(Realizado!$E$5:$E$18,Realizado!$C$5:$C$18)) -> 0.045 | H5: =IF($G5="","",SUM($G$5:$G5)) -> 0.045 | I5: =IF($H5="","",$H5-$D5) -> -0.005
A6: 2 | B6: 46039 | C6: =SUMPRODUCT('Previsto BL0'!$F$5:$F$18,'Previsto BL0'!$C$5:$C$18) -> 0.05 | D6: =SUM($C$5:$C6) -> 0.1 | E6: =SUMPRODUCT('Previsto BL1'!$F$5:$F$18,'Previsto BL1'!$C$5:$C$18) -> 0 | F6: =SUM($E$5:$E6) -> 0 | G6: =IF($B6>Parâmetros!$B$11,"",SUMPRODUCT(Realizado!$F$5:$F$18,Realizado!$C$5:$C$18)) -> 0.045 | H6: =IF($G6="","",SUM($G$5:$G6)) -> 0.09 | I6: =IF($H6="","",$H6-$D6) -> -0.01
A7: 3 | B7: 46046 | C7: =SUMPRODUCT('Previsto BL0'!$G$5:$G$18,'Previsto BL0'!$C$5:$C$18) -> 0.05 | D7: =SUM($C$5:$C7) -> 0.15 | E7: =SUMPRODUCT('Previsto BL1'!$G$5:$G$18,'Previsto BL1'!$C$5:$C$18) -> 0 | F7: =SUM($E$5:$E7) -> 0 | G7: =IF($B7>Parâmetros!$B$11,"",SUMPRODUCT(Realizado!$G$5:$G$18,Realizado!$C$5:$C$18)) -> 0.045 | H7: =IF($G7="","",SUM($G$5:$G7)) -> 0.135 | I7: =IF($H7="","",$H7-$D7) -> -0.015
A8: 4 | B8: 46053 | C8: =SUMPRODUCT('Previsto BL0'!$H$5:$H$18,'Previsto BL0'!$C$5:$C$18) -> 0.05 | D8: =SUM($C$5:$C8) -> 0.2 | E8: =SUMPRODUCT('Previsto BL1'!$H$5:$H$18,'Previsto BL1'!$C$5:$C$18) -> 0 | F8: =SUM($E$5:$E8) -> 0 | G8: =IF($B8>Parâmetros!$B$11,"",SUMPRODUCT(Realizado!$H$5:$H$18,Realizado!$C$5:$C$18)) -> 0.045 | H8: =IF($G8="","",SUM($G$5:$G8)) -> 0.18 | I8: =IF($H8="","",$H8-$D8) -> -0.02
A9: 5 | B9: 46060 | C9: =SUMPRODUCT('Previsto BL0'!$I$5:$I$18,'Previsto BL0'!$C$5:$C$18) -> 0.05 | D9: =SUM($C$5:$C9) -> 0.25 | E9: =SUMPRODUCT('Previsto BL1'!$I$5:$I$18,'Previsto BL1'!$C$5:$C$18) -> 0 | F9: =SUM($E$5:$E9) -> 0 | G9: =IF($B9>Parâmetros!$B$11,"",SUMPRODUCT(Realizado!$I$5:$I$18,Realizado!$C$5:$C$18)) -> 0.045 | H9: =IF($G9="","",SUM($G$5:$G9)) -> 0.225 | I9: =IF($H9="","",$H9-$D9) -> -0.025
A10: 6 | B10: 46067 | C10: =SUMPRODUCT('Previsto BL0'!$J$5:$J$18,'Previsto BL0'!$C$5:$C$18) -> 0.05 | D10: =SUM($C$5:$C10) -> 0.3 | E10: =SUMPRODUCT('Previsto BL1'!$J$5:$J$18,'Previsto BL1'!$C$5:$C$18) -> 0 | F10: =SUM($E$5:$E10) -> 0 | G10: =IF($B10>Parâmetros!$B$11,"",SUMPRODUCT(Realizado!$J$5:$J$18,Realizado!$C$5:$C$18)) | H10: =IF($G10="","",SUM($G$5:$G10)) | I10: =IF($H10="","",$H10-$D10)
A11: 7 | B11: 46074 | C11: =SUMPRODUCT('Previsto BL0'!$K$5:$K$18,'Previsto BL0'!$C$5:$C$18) -> 0.05 | D11: =SUM($C$5:$C11) -> 0.35 | E11: =SUMPRODUCT('Previsto BL1'!$K$5:$K$18,'Previsto BL1'!$C$5:$C$18) -> 0 | F11: =SUM($E$5:$E11) -> 0 | G11: =IF($B11>Parâmetros!$B$11,"",SUMPRODUCT(Realizado!$K$5:$K$18,Realizado!$C$5:$C$18)) | H11: =IF($G11="","",SUM($G$5:$G11)) | I11: =IF($H11="","",$H11-$D11)
A12: 8 | B12: 46081 | C12: =SUMPRODUCT('Previsto BL0'!$L$5:$L$18,'Previsto BL0'!$C$5:$C$18) -> 0.05 | D12: =SUM($C$5:$C12) -> 0.4 | E12: =SUMPRODUCT('Previsto BL1'!$L$5:$L$18,'Previsto BL1'!$C$5:$C$18) -> 0 | F12: =SUM($E$5:$E12) -> 0 | G12: =IF($B12>Parâmetros!$B$11,"",SUMPRODUCT(Realizado!$L$5:$L$18,Realizado!$C$5:$C$18)) | H12: =IF($G12="","",SUM($G$5:$G12)) | I12: =IF($H12="","",$H12-$D12)
A13: 9 | B13: 46088 | C13: =SUMPRODUCT('Previsto BL0'!$M$5:$M$18,'Previsto BL0'!$C$5:$C$18) -> 0.05 | D13: =SUM($C$5:$C13) -> 0.45 | E13: =SUMPRODUCT('Previsto BL1'!$M$5:$M$18,'Previsto BL1'!$C$5:$C$18) -> 0 | F13: =SUM($E$5:$E13) -> 0 | G13: =IF($B13>Parâmetros!$B$11,"",SUMPRODUCT(Realizado!$M$5:$M$18,Realizado!$C$5:$C$18)) | H13: =IF($G13="","",SUM($G$5:$G13)) | I13: =IF($H13="","",$H13-$D13)
A14: 10 | B14: 46095 | C14: =SUMPRODUCT('Previsto BL0'!$N$5:$N$18,'Previsto BL0'!$C$5:$C$18) -> 0.05 | D14: =SUM($C$5:$C14) -> 0.5 | E14: =SUMPRODUCT('Previsto BL1'!$N$5:$N$18,'Previsto BL1'!$C$5:$C$18) -> 0 | F14: =SUM($E$5:$E14) -> 0 | G14: =IF($B14>Parâmetros!$B$11,"",SUMPRODUCT(Realizado!$N$5:$N$18,Realizado!$C$5:$C$18)) | H14: =IF($G14="","",SUM($G$5:$G14)) | I14: =IF($H14="","",$H14-$D14)
A15: 11 | B15: 46102 | C15: =SUMPRODUCT('Previsto BL0'!$O$5:$O$18,'Previsto BL0'!$C$5:$C$18) -> 0.05 | D15: =SUM($C$5:$C15) -> 0.55 | E15: =SUMPRODUCT('Previsto BL1'!$O$5:$O$18,'Previsto BL1'!$C$5:$C$18) -> 0 | F15: =SUM($E$5:$E15) -> 0 | G15: =IF($B15>Parâmetros!$B$11,"",SUMPRODUCT(Realizado!$O$5:$O$18,Realizado!$C$5:$C$18)) | H15: =IF($G15="","",SUM($G$5:$G15)) | I15: =IF($H15="","",$H15-$D15)
A16: 12 | B16: 46109 | C16: =SUMPRODUCT('Previsto BL0'!$P$5:$P$18,'Previsto BL0'!$C$5:$C$18) -> 0.05 | D16: =SUM($C$5:$C16) -> 0.6 | E16: =SUMPRODUCT('Previsto BL1'!$P$5:$P$18,'Previsto BL1'!$C$5:$C$18) -> 0 | F16: =SUM($E$5:$E16) -> 0 | G16: =IF($B16>Parâmetros!$B$11,"",SUMPRODUCT(Realizado!$P$5:$P$18,Realizado!$C$5:$C$18)) | H16: =IF($G16="","",SUM($G$5:$G16)) | I16: =IF($H16="","",$H16-$D16)
A17: 13 | B17: 46116 | C17: =SUMPRODUCT('Previsto BL0'!$Q$5:$Q$18,'Previsto BL0'!$C$5:$C$18) -> 0.05 | D17: =SUM($C$5:$C17) -> 0.65 | E17: =SUMPRODUCT('Previsto BL1'!$Q$5:$Q$18,'Previsto BL1'!$C$5:$C$18) -> 0 | F17: =SUM($E$5:$E17) -> 0 | G17: =IF($B17>Parâmetros!$B$11,"",SUMPRODUCT(Realizado!$Q$5:$Q$18,Realizado!$C$5:$C$18)) | H17: =IF($G17="","",SUM($G$5:$G17)) | I17: =IF($H17="","",$H17-$D17)
A18: 14 | B18: 46123 | C18: =SUMPRODUCT('Previsto BL0'!$R$5:$R$18,'Previsto BL0'!$C$5:$C$18) -> 0.05 | D18: =SUM($C$5:$C18) -> 0.7 | E18: =SUMPRODUCT('Previsto BL1'!$R$5:$R$18,'Previsto BL1'!$C$5:$C$18) -> 0 | F18: =SUM($E$5:$E18) -> 0 | G18: =IF($B18>Parâmetros!$B$11,"",SUMPRODUCT(Realizado!$R$5:$R$18,Realizado!$C$5:$C$18)) | H18: =IF($G18="","",SUM($G$5:$G18)) | I18: =IF($H18="","",$H18-$D18)
A19: 15 | B19: 46130 | C19: =SUMPRODUCT('Previsto BL0'!$S$5:$S$18,'Previsto BL0'!$C$5:$C$18) -> 0.05 | D19: =SUM($C$5:$C19) -> 0.75 | E19: =SUMPRODUCT('Previsto BL1'!$S$5:$S$18,'Previsto BL1'!$C$5:$C$18) -> 0 | F19: =SUM($E$5:$E19) -> 0 | G19: =IF($B19>Parâmetros!$B$11,"",SUMPRODUCT(Realizado!$S$5:$S$18,Realizado!$C$5:$C$18)) | H19: =IF($G19="","",SUM($G$5:$G19)) | I19: =IF($H19="","",$H19-$D19)
A20: 16 | B20: 46137 | C20: =SUMPRODUCT('Previsto BL0'!$T$5:$T$18,'Previsto BL0'!$C$5:$C$18) -> 0.05 | D20: =SUM($C$5:$C20) -> 0.8 | E20: =SUMPRODUCT('Previsto BL1'!$T$5:$T$18,'Previsto BL1'!$C$5:$C$18) -> 0 | F20: =SUM($E$5:$E20) -> 0 | G20: =IF($B20>Parâmetros!$B$11,"",SUMPRODUCT(Realizado!$T$5:$T$18,Realizado!$C$5:$C$18)) | H20: =IF($G20="","",SUM($G$5:$G20)) | I20: =IF($H20="","",$H20-$D20)
A21: 17 | B21: 46144 | C21: =SUMPRODUCT('Previsto BL0'!$U$5:$U$18,'Previsto BL0'!$C$5:$C$18) -> 0.05 | D21: =SUM($C$5:$C21) -> 0.85 | E21: =SUMPRODUCT('Previsto BL1'!$U$5:$U$18,'Previsto BL1'!$C$5:$C$18) -> 0 | F21: =SUM($E$5:$E21) -> 0 | G21: =IF($B21>Parâmetros!$B$11,"",SUMPRODUCT(Realizado!$U$5:$U$18,Realizado!$C$5:$C$18)) | H21: =IF($G21="","",SUM($G$5:$G21)) | I21: =IF($H21="","",$H21-$D21)
A22: 18 | B22: 46151 | C22: =SUMPRODUCT('Previsto BL0'!$V$5:$V$18,'Previsto BL0'!$C$5:$C$18) -> 0.05 | D22: =SUM($C$5:$C22) -> 0.9 | E22: =SUMPRODUCT('Previsto BL1'!$V$5:$V$18,'Previsto BL1'!$C$5:$C$18) -> 0 | F22: =SUM($E$5:$E22) -> 0 | G22: =IF($B22>Parâmetros!$B$11,"",SUMPRODUCT(Realizado!$V$5:$V$18,Realizado!$C$5:$C$18)) | H22: =IF($G22="","",SUM($G$5:$G22)) | I22: =IF($H22="","",$H22-$D22)
A23: 19 | B23: 46158 | C23: =SUMPRODUCT('Previsto BL0'!$W$5:$W$18,'Previsto BL0'!$C$5:$C$18) -> 0.05 | D23: =SUM($C$5:$C23) -> 0.95 | E23: =SUMPRODUCT('Previsto BL1'!$W$5:$W$18,'Previsto BL1'!$C$5:$C$18) -> 0 | F23: =SUM($E$5:$E23) -> 0 | G23: =IF($B23>Parâmetros!$B$11,"",SUMPRODUCT(Realizado!$W$5:$W$18,Realizado!$C$5:$C$18)) | H23: =IF($G23="","",SUM($G$5:$G23)) | I23: =IF($H23="","",$H23-$D23)
A24: 20 | B24: 46165 | C24: =SUMPRODUCT('Previsto BL0'!$X$5:$X$18,'Previsto BL0'!$C$5:$C$18) -> 0.05 | D24: =SUM($C$5:$C24) -> 1 | E24: =SUMPRODUCT('Previsto BL1'!$X$5:$X$18,'Previsto BL1'!$C$5:$C$18) -> 0 | F24: =SUM($E$5:$E24) -> 0 | G24: =IF($B24>Parâmetros!$B$11,"",SUMPRODUCT(Realizado!$X$5:$X$18,Realizado!$C$5:$C$18)) | H24: =IF($G24="","",SUM($G$5:$G24)) | I24: =IF($H24="","",$H24-$D24)
A25: 21 | B25: 46172 | C25: =SUMPRODUCT('Previsto BL0'!$Y$5:$Y$18,'Previsto BL0'!$C$5:$C$18) -> 0 | D25: =SUM($C$5:$C25) -> 1 | E25: =SUMPRODUCT('Previsto BL1'!$Y$5:$Y$18,'Previsto BL1'!$C$5:$C$18) -> 0 | F25: =SUM($E$5:$E25) -> 0 | G25: =IF($B25>Parâmetros!$B$11,"",SUMPRODUCT(Realizado!$Y$5:$Y$18,Realizado!$C$5:$C$18)) | H25: =IF($G25="","",SUM($G$5:$G25)) | I25: =IF($H25="","",$H25-$D25)
A26: 22 | B26: 46179 | C26: =SUMPRODUCT('Previsto BL0'!$Z$5:$Z$18,'Previsto BL0'!$C$5:$C$18) -> 0 | D26: =SUM($C$5:$C26) -> 1 | E26: =SUMPRODUCT('Previsto BL1'!$Z$5:$Z$18,'Previsto BL1'!$C$5:$C$18) -> 0 | F26: =SUM($E$5:$E26) -> 0 | G26: =IF($B26>Parâmetros!$B$11,"",SUMPRODUCT(Realizado!$Z$5:$Z$18,Realizado!$C$5:$C$18)) | H26: =IF($G26="","",SUM($G$5:$G26)) | I26: =IF($H26="","",$H26-$D26)
A27: 23 | B27: 46186 | C27: =SUMPRODUCT('Previsto BL0'!$AA$5:$AA$18,'Previsto BL0'!$C$5:$C$18) -> 0 | D27: =SUM($C$5:$C27) -> 1 | E27: =SUMPRODUCT('Previsto BL1'!$AA$5:$AA$18,'Previsto BL1'!$C$5:$C$18) -> 0 | F27: =SUM($E$5:$E27) -> 0 | G27: =IF($B27>Parâmetros!$B$11,"",SUMPRODUCT(Realizado!$AA$5:$AA$18,Realizado!$C$5:$C$18)) | H27: =IF($G27="","",SUM($G$5:$G27)) | I27: =IF($H27="","",$H27-$D27)
A28: 24 | B28: 46193 | C28: =SUMPRODUCT('Previsto BL0'!$AB$5:$AB$18,'Previsto BL0'!$C$5:$C$18) -> 0 | D28: =SUM($C$5:$C28) -> 1 | E28: =SUMPRODUCT('Previsto BL1'!$AB$5:$AB$18,'Previsto BL1'!$C$5:$C$18) -> 0 | F28: =SUM($E$5:$E28) -> 0 | G28: =IF($B28>Parâmetros!$B$11,"",SUMPRODUCT(Realizado!$AB$5:$AB$18,Realizado!$C$5:$C$18)) | H28: =IF($G28="","",SUM($G$5:$G28)) | I28: =IF($H28="","",$H28-$D28)
A29: 25 | B29: 46200 | C29: =SUMPRODUCT('Previsto BL0'!$AC$5:$AC$18,'Previsto BL0'!$C$5:$C$18) -> 0 | D29: =SUM($C$5:$C29) -> 1 | E29: =SUMPRODUCT('Previsto BL1'!$AC$5:$AC$18,'Previsto BL1'!$C$5:$C$18) -> 0 | F29: =SUM($E$5:$E29) -> 0 | G29: =IF($B29>Parâmetros!$B$11,"",SUMPRODUCT(Realizado!$AC$5:$AC$18,Realizado!$C$5:$C$18)) | H29: =IF($G29="","",SUM($G$5:$G29)) | I29: =IF($H29="","",$H29-$D29)
A30: 26 | B30: 46207 | C30: =SUMPRODUCT('Previsto BL0'!$AD$5:$AD$18,'Previsto BL0'!$C$5:$C$18) -> 0 | D30: =SUM($C$5:$C30) -> 1 | E30: =SUMPRODUCT('Previsto BL1'!$AD$5:$AD$18,'Previsto BL1'!$C$5:$C$18) -> 0 | F30: =SUM($E$5:$E30) -> 0 | G30: =IF($B30>Parâmetros!$B$11,"",SUMPRODUCT(Realizado!$AD$5:$AD$18,Realizado!$C$5:$C$18)) | H30: =IF($G30="","",SUM($G$5:$G30)) | I30: =IF($H30="","",$H30-$D30)

Sheet Painel de Desvios
A1: PAINEL DE DESVIOS — NÍVEL 2 (FASES)
A2: Gatilhos conforme item 11.3 do PRO-GPS-PLN-001
A4: EDT | B4: FASE | C4: PESO % | D4: % PREVISTO | E4: % REAL | F4: DESVIO ABS. | G4: DESVIO REL. | H4: AÇÃO EXIGIDA
A5: =EAP!A7 -> 1.1 | B5: MILESTONES | C5: =EAP!F7 -> 0 | D5: =EAP!G7 -> 0 | E5: =EAP!H7 -> 0 | F5: =EAP!J7 -> 0 | G5: =EAP!I7 -> 0 | H5: =EAP!K7 -> NÃO INICIADO
A6: =EAP!A9 -> 1.2 | B6: ENGENHARIA | C6: =EAP!F9 -> 0.08 | D6: =EAP!G9 -> 0.25 | E6: =EAP!H9 -> 0.225 | F6: =EAP!J9 -> -0.025 | G6: =EAP!I9 -> -0.1 | H6: =EAP!K9 -> PLANO DE RECUPERAÇÃO
A7: =EAP!A12 -> 1.3 | B7: SUPRIMENTOS & MANUFATURA | C7: =EAP!F12 -> 0.47 | D7: =EAP!G12 -> 0.25 | E7: =EAP!H12 -> 0.225 | F7: =EAP!J12 -> -0.025 | G7: =EAP!I12 -> -0.1 | H7: =EAP!K12 -> PLANO DE RECUPERAÇÃO
A8: =EAP!A16 -> 1.4 | B8: CONSTRUÇÃO CIVIL | C8: =EAP!F16 -> 0.15 | D8: =EAP!G16 -> 0.25 | E8: =EAP!H16 -> 0.225 | F8: =EAP!J16 -> -0.025 | G8: =EAP!I16 -> -0.1 | H8: =EAP!K16 -> PLANO DE RECUPERAÇÃO
A9: =EAP!A20 -> 1.5 | B9: MONTAGEM ELETROMECÂNICA | C9: =EAP!F20 -> 0.25 | D9: =EAP!G20 -> 0.25 | E9: =EAP!H20 -> 0.225 | F9: =EAP!J20 -> -0.025 | G9: =EAP!I20 -> -0.1 | H9: =EAP!K20 -> PLANO DE RECUPERAÇÃO
A10: =EAP!A24 -> 1.6 | B10: COMISSIONAMENTO | C10: =EAP!F24 -> 0.05 | D10: =EAP!G24 -> 0.25 | E10: =EAP!H24 -> 0.225 | F10: =EAP!J24 -> -0.025 | G10: =EAP!I24 -> -0.1 | H10: =EAP!K24 -> PLANO DE RECUPERAÇÃO
B12: Desvio relativo acima de 4%: plano de recuperação. Desvio absoluto acima de 5%: plano de ação formal.
